#nif;fecha_alta;nombre;apellidos
13136178L;23/04/2023;Kaye;Cherry
88252388D;13/06/2022;Courtney;Carlson
93482574S;03/07/2021;Xander;Odom
98776718F;07/11/2022;Leilani;Dillon
57200500I;05/07/2022;Hermione;Riley
87823412W;23/01/2023;Alden;Navarro
40142054C;14/05/2022;Drew;Weber
21877095Q;01/07/2022;Fiona;Byrd
65317543R;15/04/2022;Demetrius;Silva
52905244B;19/04/2024;Kareem;Christensen
16803565T;07/12/2022;Peter;Cortez
68533855L;11/12/2022;Willow;Holcomb
55155516C;14/04/2024;Ayanna;Higgins
52689047L;02/03/2024;Samson;Hobbs
12429268B;06/01/2024;Hu;Franco
41472791U;25/07/2021;George;Bowman
80318801J;10/08/2023;Laith;Rosa
43710116O;16/01/2023;Justina;Stanley
67672454K;09/06/2023;Uta;Stout
25252237H;14/03/2024;Aidan;O'connor
07577939L;05/01/2023;Gloria;Lewis
37875434Q;06/10/2021;Hedley;Cooke
02467142N;29/09/2023;Rajah;Gregory
71174455O;09/04/2024;Isabelle;Freeman
92010488F;28/05/2023;Olympia;Moss
34952586V;18/12/2023;Isaac;Robinson
72751388F;13/06/2023;Zeus;Coffey
38357520U;17/08/2021;Indigo;Joyner
78631577O;26/03/2022;Ahmed;Puckett
84014498F;14/08/2022;Wendy;Maxwell
44020387I;18/06/2023;Helen;Bowen
70354206X;20/08/2023;Theodore;Matthews
59642461K;17/05/2024;Mary;Soto
28506734N;12/07/2023;Quin;Welch
37459152B;11/05/2024;Melissa;Abbott
35091635U;24/06/2021;Flynn;Franco
74154298K;23/05/2023;Nissim;Baxter
16443342A;26/12/2022;Regan;Elliott
43657830J;28/03/2023;Sean;Mckay
04465464D;18/11/2022;Odette;Hood
68738435B;10/04/2024;Keely;Lynch
36415888V;03/01/2023;Mallory;Pitts
47138706K;25/09/2021;Sara;Lindsey
67238965X;18/03/2022;Kitra;Johns
23451471J;31/05/2022;Yen;Rowe
67572186I;30/01/2022;Alfreda;Simmons
07277885L;06/06/2024;Elizabeth;Velasquez
79962871O;14/07/2023;Elton;Atkins
98334104I;09/04/2023;Russell;Blankenship
50128693B;16/11/2021;Xavier;Dillard
32175386P;17/04/2024;Hamilton;Wise
90875249D;23/04/2023;Rebekah;Benson
11333336Z;25/10/2022;Xenos;Shaw
99728161H;11/05/2024;Adrienne;Juarez
16851555X;20/07/2023;Rowan;Garrett
24343920V;25/02/2022;Joelle;Leach
42453962T;11/02/2022;Caesar;Grant
81352314H;26/03/2024;Holmes;Burnett
44844287X;19/08/2021;Quynn;Dickerson
69643777Q;23/04/2022;Celeste;Graves
78123697N;18/07/2021;Urielle;Sims
96410256N;14/11/2023;Silas;Delgado
43586629Y;28/07/2023;Jamal;Serrano
56345128H;18/02/2022;Baker;Coffey
24413342C;17/06/2021;Jordan;Forbes
94313777T;01/12/2023;Gage;Dominguez
81883708P;02/03/2022;Jared;Camacho
62856645O;28/05/2023;Craig;Shannon
82195161P;24/01/2022;Robert;Calderon
25621354P;07/03/2024;Felix;Contreras
89899916E;13/12/2022;Kennedy;Hickman
88274148F;25/11/2023;Charles;Dominguez
57355326S;18/02/2023;Kane;Yang
61823716K;31/10/2021;Davis;Herrera
12676028M;23/05/2023;Travis;Casey
70443989E;11/11/2021;Martha;Johns
65618517Q;24/09/2023;Ulric;Mclaughlin
83475227E;13/10/2021;Vivien;Dominguez
98431460X;15/03/2023;Otto;Wheeler
32256415X;22/04/2024;Kevin;Baker
61156527H;03/04/2022;Lacota;Mills
17554230X;01/02/2022;Guy;Dalton
62021521C;14/08/2023;Imani;Thornton
17156882G;17/08/2021;Cooper;Wade
32443765O;06/10/2021;Eve;Higgins
68578122K;18/07/2021;Ila;Nunez
53161086Q;06/03/2023;Dominic;Ortiz
26154967A;04/05/2023;Carlos;Kirkland
36396956I;11/04/2024;Quinn;Horton
56792905Q;18/06/2022;Emma;Terry
22425249R;12/05/2024;Abbot;Benjamin
41441252V;08/01/2022;Venus;Pate
52446924E;10/05/2023;Nathan;Rollins
17222354N;24/07/2022;Amy;Mejia
61824685G;25/09/2021;Sarah;Guy
92391166M;08/10/2022;Alice;Bush
81377226K;18/08/2023;Kenneth;Christensen
27355018H;20/04/2023;Azalia;Hunt
50267458T;24/07/2022;Hall;Ortega
86744300G;26/05/2022;Rhoda;Moses